id;type;user_name;name
1;Trainer;Benin;Tuna Response invoice
2;Mentor;system Gorgeous Rubber Pants;hack
3;Mentor;Ergonomic Steel Gloves;Developer Shoes Music
4;Trainer;withdrawal Generic Frozen Tuna;Gorgeous Cotton Chair Personal Loan Account Borders
5;Mentor;invoice Outdoors New York;multi-byte Jamaican Dollar North Carolina
6;Mentor;parsing Investment Account;Branding Dynamic black
7;Trainer;Books Generic;robust withdrawal generate
8;Mentor;Solomon Islands Dollar;Personal Loan Account HTTP
9;Trainer;quantify multi-byte;interface Cotton Robust
10;Trainer;Managed Dobra application;Fantastic
